Adams Allistair,48
Adams Gert,52
Adams Gurrla,16
Adams Mark,47
ALBERTYN LOUIS,51
Alfred Jeronimo,33
Ali Elton,41
Anderson Jenniffer,33
Anne Shelley,35
Anthony Erics,34
Api-Chapi Gareth,38
Bakker Jan,44
Baloyi Tebogo,36
Barry Alan,33
Beam Jim,2
Bean-McCartny Haz,24
Berg Tyrone,37
Bernard Bea-Mari,34
Black Joe,45
bloke joe,40
Botha Omar,44
Bronkhorst Alexander,2
Brown Bobber,116
Bugarith Vishay,35
Burger Schalk,42
Candlestick Jack,32
Carstens Arno,45
carstens arno,44
Carstens Arno,42
Carstens Arno ,33
Clack Robert,36
Clayton Lobb,21
Coetzee Lehan,28
Coetzee Lehan,27
Commerce EVA,57
Cordiglia Elizabeth,27
Cronje Lynette,42
Damon Wayde,28
Daniels Howard,33
De Wet Leanne,36
Debidin Prakash Pithumber,40
Deetlefs Leizel,46
Diale Keabetswe Innocentia,35
die Dooper Johannes,39
Dillon Chapman Testing Hrxml,30
Doe John,47
Doe John,33
Doe John,33
Doe John,16
Doe John,4
Du Rand Hardwig,28
du Toit Miranda,36
Duck Donald ,53
ferdi ferdi,16
Fitt Kim,47
Foukaridis Steven,34
Fourie Marnes,28
Fourie Tiaan,32
Fourie Zelmarie,27
Gardner Tanya,44
Gerber Lisa,35
Greeff Anton,44
Guy Funny,5
Gwebani Andelwa,26
Haddock Captain,34
Haley Jerry,29
Hanekom Tertius,28
Hans Mohseen,39
Henning Chrisna,39
Henning Chrisna,32
Henning Christina,46
Hercules Ferreira,31
Hlatshwayo Wesley,56
Hlongwane Musa,30
Hoosen Mohammed,31
hroptions testing,30
Hunter William,38
Ismail Shahzaad,32
Jackson Jason,44
Jackson Peter,38
Jackson Samuel,50
JAFTHAS VERUSCHKA,24
Jagger Mick,68
Jessop Ronald,42
Jessop Ronald,41
Jessop Ronald,28
Johnson Heather,39
Johnson Jack,44
Johnson James,41
Johnson Jeff,27
Jones Joe,46
Jones Timothy,51
Jones William Steven Lee,59
Kanyandura Tino,30
kekae Joseph,37
Khan Mohsin 'Khan,36
Khoza Sibongle,30
Khoza Vincent,27
Khumalo Sindi,39
Kkasjhfkjadshg Dewald,51
Klopper Natie,33
Knight Janene,40
Kramer Koosie,34
Kruger  Geraldine ,33
Larry LArry the Lounge Lizard,32
Lennon John,52
Lodewyk Lynn,40
losh losh,26
Lotter Sam,36
M Boney,40
Mabulane Justice,43
Mack Craig,42
Maduna Zandi,28
Mahlangu Nelisiwe,22
Mahlaule Daniel ,29
Mangana  Patricia ,31
MARADZIKA  MAZVITA  ,35
Marais Cindy,31
Martin Acton,58
Masaraure Moobah,34
Mashandudze Emmanuel,32
Mashishi Pauline,28
Matthysen Hendrik,35
Mc Clown Clowny,35
McGregor Vickie,39
Menkveld Alicia,43
Menkveld Anton,39
Menkveld Karen Kriek,34
Miller Dean,26
Miller Jasper,35
minogue kylie,42
Moirwagale Lawrence,30
mokgabudi Lerato,25
mokoena Ronnie Thabang,28
Mokoka Itumeleng,34
Mokou Msvis,28
Moloto Heskiel Kgatedi,31
Monvoisin Alâna Güstav,31
Moretlwe  Thabo,32
Mota Suzuki,34
Motlatla Lebowa Albert,38
Mphahlele Moroamule,27
mthombeni semape philemon,31
Mugabe Bob,93
Mutombo Olivier,30
Naidoo Leeann,28
Naidoo Sivalingam Soobramoney,55
Nation Zombie,37
Ndlovu Angela,30
ndou ndivhuwo,25
Nhlapo Nene,29
Nicholson Jack,74
Nieuwoudt Eddie,3
NIWAN WIAN,34
Njemla Nomazulu,39
Oosthuizen Pieter Willem,48
Osborn Dave,52
Pan Peter,30
pandor abdullah,31
Parker Imraan,37
Pinto Fabio,29
PINTSTA FABSTA,29
Pompies Piet,32
Pompies Piet ,31
Potgieter Wian,34
Pretorius Gerrie,38
Rabbit Roger,41
Rakgoale Morape Rakgoale,24
Ramasobane Kabelo,25
Ramsay Gordon F,87
Random Anne,41
Rembuluwani Ndiene,28
Ridgway Bronwyn,27
Robinson Joe,39
Robinson Liezl,27
Saaadd Muhsin,38
Sam Ray,29
Schmidt Ferdi,39
Schmidt Ferdi,25
Schoeman Danielle,28
Schwagele Shane,41
SENOAMADI PRUDENCE,30
Shabalala Sakhile,29
Shangase Sarah Lungile,30
Sibindlana Odwa,35
Sibindlana Odwa,32
Simmons Bradley,52
Singh Sanera,37
Sithole Susan,42
Smit Corrie,41
Smit John,43
Smith Harry,50
Smith Jane,48
Smith Jane,28
Smith John,52
smith john,43
Smith John,42
Smith Johnny,38
Smith Peter,46
SNONDO KHOSI,35
soap joe,29
Sonnekus Zia,24
Springer Jerry,36
Steele Danielle,29
Stern James,39
Stern James,4
Stevens Candy,39
Stewart Carly,42
strugnell jason,40
Summers Eddie,41
Swart Lizzy,34
test jan,51
Test Test,42
Test Test,40
test test,33
Tester joe,41
Tester Te,29
Tester Test,36
Tester testing,55
Thaldi Simon,34
Theron Charlize,35
Thorne Walter,33
Thornton Kyle,39
Thurley Charles,33
Toetsen Toets,5
Tupper Karen,41
TWO ONE,34
Uys Jark,28
Uys Justin,26
uys taylor,22
Van der Merwe Jenny,49
Van Rensburg Arnoux,35
Van Tonder Keenann,30
van Wyk Deon,34
Vannie Weeshuis Sannie,33
Venkov Martin,41
venkov martin,38
verwey Schalk,34
Volker Angie,32
Volker Fez,27
Volker Sara,35
Volker Sara,31
Vos Roscoe,34
Walker-Black Jonny,48
Walter Belinda,43
warner Adrienne,40
Wayne John,39
Weideman Louw,31
Wilson Leigh Chantelle,41
Wilson warren,34
Witch Beryl,38
zinqume chumani,31
